{"options":{"check_for_updates":true,"comment":null,"compat_foreach":false,"compat_metadata":false,"compat_powerful_this":null,"compat_wrappedjsobject":false,"compatopts_for_requires":true,"noframes":null,"override":{"merge_connects":true,"merge_excludes":true,"merge_includes":true,"merge_matches":true,"orig_connects":[],"orig_excludes":[],"orig_includes":[],"orig_matches":["https://www.youtube.com/*"],"orig_noframes":null,"orig_run_at":"document-idle","orig_run_in":[],"orig_tags":[],"use_blockers":[],"use_connects":[],"use_excludes":[],"use_includes":[],"use_matches":[]},"run_at":null,"run_in":null,"sandbox":null,"tags":[],"unwrap":null,"user_modified":1737469646772},"settings":{"enabled":true,"position":1},"meta":{"name":"YouTube Title Copy Button","uuid":"96fb6df5-90d2-49d1-b538-739040d90ea9","modified":1737469646772}}